group,count,rouge-1,rouge-2,rouge-l
small,10000,0.32095368969246,0.12494252193276295,0.30055525123693616
medium,10000,0.28776680450499525,0.0978717829454614,0.26685704964527224
large,10000,0.25650282521360784,0.07329340814750694,0.23618758442808102
